[{
	"id": 430782,
	"name": "Evervess Ginger Ale",
	"categories": [{
		"id": 69,
		"name": "Cold Drinks",
		"type": "child_category",
		"slug": "cold-drinks",
		"sortValue": 348800
	}, {
		"id": 68,
		"name": "Soft Drinks",
		"type": "sub-category",
		"slug": "soft-drinks",
		"sortValue": 348800
	}, {
		"id": 34,
		"name": "Beverages",
		"type": "parent-category",
		"slug": "beverages"
	}],
	"default": {
		"id": 354220,
		"name": "Evervess Ginger Ale 300ml",
		"description": "Bubbly ginger-flavored soda, Evervess Ginger Ale is the perfect drink for you! Start your day off right with the refreshing taste of Evervess \nGinger Ale!\n<br/>\nWhether you are looking for an energy boost or want to cool down on a sunny day, Evervess Ginger Ale is ideal for you. Now\nif you are feeling hungry, add Evervess Ginger Ale to your cart now get your delivery under 30 minutes via Airlift Express.",
		"price": "312",
		"regular_price": "312",
		"sale_price": "312",
		"on_sale": false,
		"purchasable": true,
		"slug": "evervess-ginger-ale-300-ml-i5878",
		"variation": "300ml",
		"stock_quantity": 5,
		"rewards_point": 936,
		"replenishment_subscribed_units": 0,
		"prescription_required": false,
		"age_verification": false,
		"image": {
			"src": "https://media.airliftexpress.com/medium/8b98df12-1962-459c-b036-e23dd21fd7f1_1623822-01.jpg",
			"name": "Evervess Ginger Ale 300ml",
			"alt": "Evervess Ginger Ale 300ml"
		}
	},
	"slug": "evervess-ginger-ale-i6747",
	"variations": [{
		"id": 354220,
		"name": "Evervess Ginger Ale 300ml",
		"description": "Bubbly ginger-flavored soda, Evervess Ginger Ale is the perfect drink for you! Start your day off right with the refreshing taste of Evervess \nGinger Ale!\n<br/>\nWhether you are looking for an energy boost or want to cool down on a sunny day, Evervess Ginger Ale is ideal for you. Now\nif you are feeling hungry, add Evervess Ginger Ale to your cart now get your delivery under 30 minutes via Airlift Express.",
		"price": "312",
		"regular_price": "312",
		"sale_price": "312",
		"on_sale": false,
		"purchasable": true,
		"slug": "evervess-ginger-ale-300-ml-i5878",
		"variation": "300ml",
		"stock_quantity": 5,
		"rewards_point": 936,
		"replenishment_subscribed_units": 0,
		"prescription_required": false,
		"age_verification": false,
		"image": {
			"src": "https://media.airliftexpress.com/medium/8b98df12-1962-459c-b036-e23dd21fd7f1_1623822-01.jpg",
			"name": "Evervess Ginger Ale 300ml",
			"alt": "Evervess Ginger Ale 300ml"
		}
	}]
}, {
	"id": 267364,
	"name": "Qarshi Illachi Sharbat",
	"categories": [{
		"id": 99,
		"name": "Sharbats",
		"type": "child_category",
		"slug": "sharbats",
		"sortValue": 951700
	}, {
		"id": 35,
		"name": "Juices & Instant Drinks",
		"type": "sub-category",
		"slug": "juices-instant-drinks",
		"sortValue": 951700
	}, {
		"id": 34,
		"name": "Beverages",
		"type": "parent-category",
		"slug": "beverages"
	}],
	"default": {
		"id": 1503,
		"name": "Qarshi Sharbat Ilacheen 800ml",
		"description": "Deliciously refreshing, Qarshi Sharbat is made from perfectly ripe, natural cardamon (illachi) leaves. To prepare, simply pour the syrup \ninto a glass pitcher, add water, stir, and enjoy; Start your day off right with the refreshing taste of Qarshi Sharbat!\n<br/>\nIf you want to cool down during a sunny day, Qarshi Sharbat is perfect for you. Now if you are feeling hungry, add Qarshi Sharbat to your\ncart now get your delivery under 30 minutes via Airlift Express.",
		"price": "276",
		"regular_price": "276",
		"sale_price": "276",
		"on_sale": false,
		"purchasable": true,
		"slug": "qarshi-sharbat-ilacheen-800-ml-i740",
		"variation": "800 ml",
		"stock_quantity": 5,
		"rewards_point": 828,
		"replenishment_subscribed_units": 0,
		"prescription_required": false,
		"age_verification": false,
		"image": {
			"src": "https://media.airliftexpress.com/medium/e3b6dabf-25ea-45be-917d-71569c1734c6_woo.jpg",
			"name": "Qarshi Sharbat Ilacheen 800ml",
			"alt": "Qarshi Sharbat Ilacheen 800ml"
		}
	},
	"slug": "qarshi-illachi-sharbat-i537",
	"variations": [{
		"id": 1503,
		"name": "Qarshi Sharbat Ilacheen 800ml",
		"description": "Deliciously refreshing, Qarshi Sharbat is made from perfectly ripe, natural cardamon (illachi) leaves. To prepare, simply pour the syrup \ninto a glass pitcher, add water, stir, and enjoy; Start your day off right with the refreshing taste of Qarshi Sharbat!\n<br/>\nIf you want to cool down during a sunny day, Qarshi Sharbat is perfect for you. Now if you are feeling hungry, add Qarshi Sharbat to your\ncart now get your delivery under 30 minutes via Airlift Express.",
		"price": "276",
		"regular_price": "276",
		"sale_price": "276",
		"on_sale": false,
		"purchasable": true,
		"slug": "qarshi-sharbat-ilacheen-800-ml-i740",
		"variation": "800 ml",
		"stock_quantity": 5,
		"rewards_point": 828,
		"replenishment_subscribed_units": 0,
		"prescription_required": false,
		"age_verification": false,
		"image": {
			"src": "https://media.airliftexpress.com/medium/e3b6dabf-25ea-45be-917d-71569c1734c6_woo.jpg",
			"name": "Qarshi Sharbat Ilacheen 800ml",
			"alt": "Qarshi Sharbat Ilacheen 800ml"
		}
	}]
}, {
	"id": 398310,
	"name": "Tapal Green Tea Jar 100gm",
	"categories": [{
		"id": 48,
		"name": "Green & Flavoured Teas",
		"type": "child_category",
		"slug": "green-flavoured-teas",
		"sortValue": 1130200
	}, {
		"id": 40,
		"name": "Tea & Coffee",
		"type": "sub-category",
		"slug": "tea-coffee",
		"sortValue": 1130200
	}, {
		"id": 34,
		"name": "Beverages",
		"type": "parent-category",
		"slug": "beverages"
	}],
	"default": {
		"id": 416,
		"name": "Tapal Green Tea Jasmine Jar 100gm",
		"description": "Tapal Green Tea Jasmine Jar is made from the finest leaves and carries a sweet hint of Jasmine aroma. This tea comes with the freshness of green tea\nand the medicinal benefits of jasmine.\n<br/>\nWhether you are looking to detoxify your body or are trying to switch to healthier alternatives of chai, or are just \nfond of trying out different flavored teas, Tapal Green Tea Jasmine is ideal for you. Now if you are craving that light and refreshing \ntaste,add Tapal Green Tea Jasmine Jar to your cart now and get it delivered at your doorstep via Airlift Express.\n<br/>\n",
		"price": "150",
		"regular_price": "150",
		"sale_price": "150",
		"on_sale": false,
		"purchasable": true,
		"slug": "tapal-green-tea-jasmine-jar-100-gm-i59",
		"variation": "Jasmine",
		"stock_quantity": 1,
		"rewards_point": 450,
		"replenishment_subscribed_units": 0,
		"prescription_required": false,
		"age_verification": false,
		"image": {
			"src": "https://media.airliftexpress.com/medium/7c7c96d7-6ce7-414d-960e-4e58cbf0aaa9_woo.jpg",
			"name": "Tapal Green Tea Jasmine Jar 100gm",
			"alt": "Tapal Green Tea Jasmine Jar 100gm"
		}
	},
	"slug": "tapal-green-tea-jar-100-gm-i6227",
	"variations": [{
		"id": 416,
		"name": "Tapal Green Tea Jasmine Jar 100gm",
		"description": "Tapal Green Tea Jasmine Jar is made from the finest leaves and carries a sweet hint of Jasmine aroma. This tea comes with the freshness of green tea\nand the medicinal benefits of jasmine.\n<br/>\nWhether you are looking to detoxify your body or are trying to switch to healthier alternatives of chai, or are just \nfond of trying out different flavored teas, Tapal Green Tea Jasmine is ideal for you. Now if you are craving that light and refreshing \ntaste,add Tapal Green Tea Jasmine Jar to your cart now and get it delivered at your doorstep via Airlift Express.\n<br/>\n",
		"price": "150",
		"regular_price": "150",
		"sale_price": "150",
		"on_sale": false,
		"purchasable": true,
		"slug": "tapal-green-tea-jasmine-jar-100-gm-i59",
		"variation": "Jasmine",
		"stock_quantity": 1,
		"rewards_point": 450,
		"replenishment_subscribed_units": 0,
		"prescription_required": false,
		"age_verification": false,
		"image": {
			"src": "https://media.airliftexpress.com/medium/7c7c96d7-6ce7-414d-960e-4e58cbf0aaa9_woo.jpg",
			"name": "Tapal Green Tea Jasmine Jar 100gm",
			"alt": "Tapal Green Tea Jasmine Jar 100gm"
		}
	}, {
		"id": 415,
		"name": "Tapal Green Tea Lemon Grass Jar 100gm",
		"description": "Tapal Green Tea Lemon Grass Jar is made from the finest leaves and carries a hint of a tasty lemon grass flavor. This tea comes with the freshness of green tea\nand the medicinal benefits of lemon.\n<br/>\nWhether you are looking to detoxify your body or are trying to switch to healthier alternatives of chai, or are just \nfond of trying out different flavored teas, Tapal Green Tea Lemon Grass Jar is ideal for you. Now if you are craving that light and refreshing \ntaste,add Tapal Green Tea Lemon Grass Jar to your cart now and get it delivered at your doorstep via Airlift Express.\n<br/>\n",
		"price": "160",
		"regular_price": "160",
		"sale_price": "160",
		"on_sale": false,
		"purchasable": true,
		"slug": "tapal-green-tea-lemon-grass-jar-100-gm-i62",
		"variation": "Lemon Grass",
		"stock_quantity": 5,
		"rewards_point": 480,
		"replenishment_subscribed_units": 0,
		"prescription_required": false,
		"age_verification": false,
		"image": {
			"src": "https://media.airliftexpress.com/medium/36aea02c-84e8-4012-8b12-ff653af99474_woo.jpg",
			"name": "Tapal Green Tea Lemon Grass Jar 100gm",
			"alt": "Tapal Green Tea Lemon Grass Jar 100gm"
		}
	}]
}, {
	"id": 1540062,
	"name": "Ovaltine Malted Milk Drink Powder Jar",
	"categories": [{
		"id": 36,
		"name": "Powdered Drinks",
		"type": "child_category",
		"slug": "powdered-drinks",
		"sortValue": 1610900
	}, {
		"id": 35,
		"name": "Juices & Instant Drinks",
		"type": "sub-category",
		"slug": "juices-instant-drinks",
		"sortValue": 1610900
	}, {
		"id": 34,
		"name": "Beverages",
		"type": "parent-category",
		"slug": "beverages"
	}],
	"default": {
		"id": 1507879,
		"name": "Ovaltine Malted Milk Drink Powder Jar 400gm",
		"description": " ",
		"price": "620",
		"regular_price": "620",
		"sale_price": "620",
		"on_sale": false,
		"purchasable": true,
		"slug": "ovaltine-malted-milk-drink-powder-jar-400-gm-i13010",
		"variation": "400 gm",
		"stock_quantity": 2,
		"rewards_point": 1860,
		"replenishment_subscribed_units": 0,
		"prescription_required": false,
		"age_verification": false,
		"image": {
			"src": "https://media.airliftexpress.com/medium/04fa7161-1bb4-4509-93c7-dbfef12a7bd5_ovaltine.png",
			"name": "Ovaltine Malted Milk Drink Powder Jar 400gm",
			"alt": "Ovaltine Malted Milk Drink Powder Jar 400gm"
		}
	},
	"slug": "ovaltine-malted-milk-drink-powder-jar-i11787",
	"variations": [{
		"id": 1507879,
		"name": "Ovaltine Malted Milk Drink Powder Jar 400gm",
		"description": " ",
		"price": "620",
		"regular_price": "620",
		"sale_price": "620",
		"on_sale": false,
		"purchasable": true,
		"slug": "ovaltine-malted-milk-drink-powder-jar-400-gm-i13010",
		"variation": "400 gm",
		"stock_quantity": 2,
		"rewards_point": 1860,
		"replenishment_subscribed_units": 0,
		"prescription_required": false,
		"age_verification": false,
		"image": {
			"src": "https://media.airliftexpress.com/medium/04fa7161-1bb4-4509-93c7-dbfef12a7bd5_ovaltine.png",
			"name": "Ovaltine Malted Milk Drink Powder Jar 400gm",
			"alt": "Ovaltine Malted Milk Drink Powder Jar 400gm"
		}
	}]
}, {
	"id": 320987,
	"name": "Bavaria Holland Lemon Non Alcoholic Malt Drink",
	"categories": [{
		"id": 145,
		"name": "Energy Drinks",
		"type": "child_category",
		"slug": "energy-drinks",
		"sortValue": 78000
	}, {
		"id": 68,
		"name": "Soft Drinks",
		"type": "sub-category",
		"slug": "soft-drinks",
		"sortValue": 78000
	}, {
		"id": 34,
		"name": "Beverages",
		"type": "parent-category",
		"slug": "beverages"
	}],
	"default": {
		"id": 302761,
		"name": "Bavaria Holland Lemon Non Alcoholic Malt Drink, Can, 330ml",
		"description": "Enhanced with sugar and caffeine, Bavaria is the perfect drink for you! Delicious with a deep citrus flavor, Bavaria is the \nultimate energy drink.\n<br/>\nWhether you want to power through a workout or boost your mental performance, Bavaria is perfect for you. \nNow if you are feeling hungry, add Bavaria to your cart now get your delivery under 30 minutes via Airlift Express.",
		"price": "206",
		"regular_price": "206",
		"sale_price": "206",
		"on_sale": false,
		"purchasable": true,
		"slug": "bavaria-holland-lemon-non-alcoholic-malt-drink-can-330-ml-i5025",
		"variation": "330 ml",
		"stock_quantity": 3,
		"rewards_point": 618,
		"replenishment_subscribed_units": 0,
		"prescription_required": false,
		"age_verification": false,
		"image": {
			"src": "https://media.airliftexpress.com/medium/e7cac0fd-9283-4e30-8337-d7eafeb59e68_bavaria%20lemon.jpg",
			"name": "Bavaria Holland Lemon Non Alcoholic Malt Drink, Can, 330ml",
			"alt": "Bavaria Holland Lemon Non Alcoholic Malt Drink, Can, 330ml"
		}
	},
	"slug": "bavaria-holland-lemon-non-alcoholic-malt-drink-i5421",
	"variations": [{
		"id": 302761,
		"name": "Bavaria Holland Lemon Non Alcoholic Malt Drink, Can, 330ml",
		"description": "Enhanced with sugar and caffeine, Bavaria is the perfect drink for you! Delicious with a deep citrus flavor, Bavaria is the \nultimate energy drink.\n<br/>\nWhether you want to power through a workout or boost your mental performance, Bavaria is perfect for you. \nNow if you are feeling hungry, add Bavaria to your cart now get your delivery under 30 minutes via Airlift Express.",
		"price": "206",
		"regular_price": "206",
		"sale_price": "206",
		"on_sale": false,
		"purchasable": true,
		"slug": "bavaria-holland-lemon-non-alcoholic-malt-drink-can-330-ml-i5025",
		"variation": "330 ml",
		"stock_quantity": 3,
		"rewards_point": 618,
		"replenishment_subscribed_units": 0,
		"prescription_required": false,
		"age_verification": false,
		"image": {
			"src": "https://media.airliftexpress.com/medium/e7cac0fd-9283-4e30-8337-d7eafeb59e68_bavaria%20lemon.jpg",
			"name": "Bavaria Holland Lemon Non Alcoholic Malt Drink, Can, 330ml",
			"alt": "Bavaria Holland Lemon Non Alcoholic Malt Drink, Can, 330ml"
		}
	}]
}, {
	"id": 320993,
	"name": "Bavaria Holland] Original Non Alcoholic Malt Drink",
	"categories": [{
		"id": 145,
		"name": "Energy Drinks",
		"type": "child_category",
		"slug": "energy-drinks",
		"sortValue": 78100
	}, {
		"id": 68,
		"name": "Soft Drinks",
		"type": "sub-category",
		"slug": "soft-drinks",
		"sortValue": 78100
	}, {
		"id": 34,
		"name": "Beverages",
		"type": "parent-category",
		"slug": "beverages"
	}],
	"default": {
		"id": 302744,
		"name": "Bavaria Holland Premium Original Non Alcoholic Malt Drink, Can, 330ml",
		"description": "Enhanced with sugar and caffeine, Bavaria is the perfect drink for you! Delicious with a deep flavor, Bavaria is the \nultimate energy drink.\n<br/>\nWhether you want to power through a workout or boost your mental performance, Bavaria is perfect for you. \nNow if you are feeling hungry, add Bavaria to your cart now get your delivery under 30 minutes via Airlift Express.",
		"price": "206",
		"regular_price": "206",
		"sale_price": "206",
		"on_sale": false,
		"purchasable": true,
		"slug": "bavaria-holland-premium-original-non-alcoholic-malt-drink-can-330-ml-i5023",
		"variation": "330 ml",
		"stock_quantity": 2,
		"rewards_point": 618,
		"replenishment_subscribed_units": 0,
		"prescription_required": false,
		"age_verification": false,
		"image": {
			"src": "https://media.airliftexpress.com/medium/81ea9eb0-8513-4a14-bb3b-7c324d5b81b6_bavaria%20apple.jpg",
			"name": "Bavaria Holland Premium Original Non Alcoholic Malt Drink, Can, 330ml",
			"alt": "Bavaria Holland Premium Original Non Alcoholic Malt Drink, Can, 330ml"
		}
	},
	"slug": "bavaria-holland-original-non-alcoholic-malt-drink-i5422",
	"variations": [{
		"id": 302744,
		"name": "Bavaria Holland Premium Original Non Alcoholic Malt Drink, Can, 330ml",
		"description": "Enhanced with sugar and caffeine, Bavaria is the perfect drink for you! Delicious with a deep flavor, Bavaria is the \nultimate energy drink.\n<br/>\nWhether you want to power through a workout or boost your mental performance, Bavaria is perfect for you. \nNow if you are feeling hungry, add Bavaria to your cart now get your delivery under 30 minutes via Airlift Express.",
		"price": "206",
		"regular_price": "206",
		"sale_price": "206",
		"on_sale": false,
		"purchasable": true,
		"slug": "bavaria-holland-premium-original-non-alcoholic-malt-drink-can-330-ml-i5023",
		"variation": "330 ml",
		"stock_quantity": 2,
		"rewards_point": 618,
		"replenishment_subscribed_units": 0,
		"prescription_required": false,
		"age_verification": false,
		"image": {
			"src": "https://media.airliftexpress.com/medium/81ea9eb0-8513-4a14-bb3b-7c324d5b81b6_bavaria%20apple.jpg",
			"name": "Bavaria Holland Premium Original Non Alcoholic Malt Drink, Can, 330ml",
			"alt": "Bavaria Holland Premium Original Non Alcoholic Malt Drink, Can, 330ml"
		}
	}]
}, {
	"id": 1259784,
	"name": "Nestle Nesfruta Tropical Punch",
	"categories": [{
		"id": 44,
		"name": "Juices",
		"type": "child_category",
		"slug": "juices",
		"sortValue": 1351200
	}, {
		"id": 35,
		"name": "Juices & Instant Drinks",
		"type": "sub-category",
		"slug": "juices-instant-drinks",
		"sortValue": 1351200
	}, {
		"id": 34,
		"name": "Beverages",
		"type": "parent-category",
		"slug": "beverages"
	}],
	"default": {
		"id": 1238393,
		"name": "Nestle Nesfruta Tropical Punch 1L",
		"description": "",
		"price": "130",
		"regular_price": "130",
		"sale_price": "130",
		"on_sale": false,
		"purchasable": true,
		"slug": "nestle-nesfruta-tropical-punch-1-l-i12526",
		"variation": "1 L",
		"stock_quantity": 0,
		"rewards_point": 390,
		"replenishment_subscribed_units": 0,
		"prescription_required": false,
		"age_verification": false,
		"image": {
			"src": "https://media.airliftexpress.com/medium/b8a88697-aa35-4ebf-893c-5e3697a352cd_Tropical%20BOP%20.jpg",
			"name": "Nestle Nesfruta Tropical Punch 1L",
			"alt": "Nestle Nesfruta Tropical Punch 1L"
		}
	},
	"slug": "nestle-nesfruta-tropical-punch-i11389",
	"variations": [{
		"id": 1238393,
		"name": "Nestle Nesfruta Tropical Punch 1L",
		"description": "",
		"price": "130",
		"regular_price": "130",
		"sale_price": "130",
		"on_sale": false,
		"purchasable": true,
		"slug": "nestle-nesfruta-tropical-punch-1-l-i12526",
		"variation": "1 L",
		"stock_quantity": 0,
		"rewards_point": 390,
		"replenishment_subscribed_units": 0,
		"prescription_required": false,
		"age_verification": false,
		"image": {
			"src": "https://media.airliftexpress.com/medium/b8a88697-aa35-4ebf-893c-5e3697a352cd_Tropical%20BOP%20.jpg",
			"name": "Nestle Nesfruta Tropical Punch 1L",
			"alt": "Nestle Nesfruta Tropical Punch 1L"
		}
	}]
}, {
	"id": 268146,
	"name": "Shezan Lemon Barley Squash",
	"categories": [{
		"id": 99,
		"name": "Sharbats",
		"type": "child_category",
		"slug": "sharbats",
		"sortValue": 1044600
	}, {
		"id": 35,
		"name": "Juices & Instant Drinks",
		"type": "sub-category",
		"slug": "juices-instant-drinks",
		"sortValue": 1044600
	}, {
		"id": 34,
		"name": "Beverages",
		"type": "parent-category",
		"slug": "beverages"
	}],
	"default": {
		"id": 4266,
		"name": "Shezan Lemon Barley Squash 800ml",
		"description": "Deliciously refreshing, Shezan Lemon Squash is made from perfectly ripe, natural lemons. To prepare, simply pour the syrup into a \nglass pitcher, add water, stir, and enjoy; Start your day off right with the refreshing taste of Shezan Squash!\n<br/>\nIf you want to cool down during a sunny day, Shezan Lemon Squash is perfect for you. Now if you are feeling hungry, add Shezan \nLemon Squash to your cart now get your delivery under 30 minutes via Airlift Express.",
		"price": "230",
		"regular_price": "230",
		"sale_price": "230",
		"on_sale": false,
		"purchasable": true,
		"slug": "shezan-lemon-barley-squash-800-ml-i1540",
		"variation": "800 ml",
		"stock_quantity": 3,
		"rewards_point": 690,
		"replenishment_subscribed_units": 0,
		"prescription_required": false,
		"age_verification": false,
		"image": {
			"src": "https://media.airliftexpress.com/medium/21253764-d65e-43c4-b911-e85f1839c33c_woo.jpg",
			"name": "Shezan Lemon Barley Squash 800ml",
			"alt": "Shezan Lemon Barley Squash 800ml"
		}
	},
	"slug": "shezan-lemon-barley-squash-i1319",
	"variations": [{
		"id": 4266,
		"name": "Shezan Lemon Barley Squash 800ml",
		"description": "Deliciously refreshing, Shezan Lemon Squash is made from perfectly ripe, natural lemons. To prepare, simply pour the syrup into a \nglass pitcher, add water, stir, and enjoy; Start your day off right with the refreshing taste of Shezan Squash!\n<br/>\nIf you want to cool down during a sunny day, Shezan Lemon Squash is perfect for you. Now if you are feeling hungry, add Shezan \nLemon Squash to your cart now get your delivery under 30 minutes via Airlift Express.",
		"price": "230",
		"regular_price": "230",
		"sale_price": "230",
		"on_sale": false,
		"purchasable": true,
		"slug": "shezan-lemon-barley-squash-800-ml-i1540",
		"variation": "800 ml",
		"stock_quantity": 3,
		"rewards_point": 690,
		"replenishment_subscribed_units": 0,
		"prescription_required": false,
		"age_verification": false,
		"image": {
			"src": "https://media.airliftexpress.com/medium/21253764-d65e-43c4-b911-e85f1839c33c_woo.jpg",
			"name": "Shezan Lemon Barley Squash 800ml",
			"alt": "Shezan Lemon Barley Squash 800ml"
		}
	}]
}, {
	"id": 320980,
	"name": "Barbican Non-Alcoholic Malt",
	"categories": [{
		"id": 145,
		"name": "Energy Drinks",
		"type": "child_category",
		"slug": "energy-drinks",
		"sortValue": 76000
	}, {
		"id": 68,
		"name": "Soft Drinks",
		"type": "sub-category",
		"slug": "soft-drinks",
		"sortValue": 76000
	}, {
		"id": 34,
		"name": "Beverages",
		"type": "parent-category",
		"slug": "beverages"
	}],
	"default": {
		"id": 303053,
		"name": "Barbican Non-Alcoholic Malt Flavour 330 Ml",
		"description": "Enhanced with sugar and caffeine, Barbican is the perfect drink for you! Delicious with a deep flavor, Barbican is the \nultimate energy drink.\n<br/>\nWhether you want to power through a workout or boost your mental performance, Barbican is perfect for you. \nNow if you are feeling hungry, add Barbican to your cart now get your delivery under 30 minutes via Airlift Express.",
		"price": "182",
		"regular_price": "182",
		"sale_price": "182",
		"on_sale": false,
		"purchasable": true,
		"slug": "barbican-non-alcoholic-malt-flavour-330-ml-i5028",
		"variation": "330 Ml",
		"stock_quantity": 3,
		"rewards_point": 546,
		"replenishment_subscribed_units": 0,
		"prescription_required": false,
		"age_verification": false,
		"image": {
			"src": "https://media.airliftexpress.com/medium/9c0ca4b7-7424-4926-a011-e4937098c1c0_barbican%20malt.jpg",
			"name": "Barbican Non-Alcoholic Malt Flavour 330 Ml",
			"alt": "Barbican Non-Alcoholic Malt Flavour 330 Ml"
		}
	},
	"slug": "barbican-non-alcoholic-malt-flavour-i5419",
	"variations": [{
		"id": 303053,
		"name": "Barbican Non-Alcoholic Malt Flavour 330 Ml",
		"description": "Enhanced with sugar and caffeine, Barbican is the perfect drink for you! Delicious with a deep flavor, Barbican is the \nultimate energy drink.\n<br/>\nWhether you want to power through a workout or boost your mental performance, Barbican is perfect for you. \nNow if you are feeling hungry, add Barbican to your cart now get your delivery under 30 minutes via Airlift Express.",
		"price": "182",
		"regular_price": "182",
		"sale_price": "182",
		"on_sale": false,
		"purchasable": true,
		"slug": "barbican-non-alcoholic-malt-flavour-330-ml-i5028",
		"variation": "330 Ml",
		"stock_quantity": 3,
		"rewards_point": 546,
		"replenishment_subscribed_units": 0,
		"prescription_required": false,
		"age_verification": false,
		"image": {
			"src": "https://media.airliftexpress.com/medium/9c0ca4b7-7424-4926-a011-e4937098c1c0_barbican%20malt.jpg",
			"name": "Barbican Non-Alcoholic Malt Flavour 330 Ml",
			"alt": "Barbican Non-Alcoholic Malt Flavour 330 Ml"
		}
	}, {
		"id": 303051,
		"name": "Barbican Non-Alcoholic Malt Beverage Strawberry Flavour 330 Ml",
		"description": "Enhanced with sugar and caffeine, Barbican is the perfect drink for you! Delicious with a deep fruity flavor, Barbican is the \nultimate energy drink.\n<br/>\nWhether you want to power through a workout or boost your mental performance, Barbican is perfect for you. \nNow if you are feeling hungry, add Barbican to your cart now get your delivery under 30 minutes via Airlift Express.",
		"price": "183",
		"regular_price": "183",
		"sale_price": "183",
		"on_sale": false,
		"purchasable": true,
		"slug": "barbican-non-alcoholic-malt-beverage-strawberry-flavour-330-ml-i5027",
		"variation": "330 Ml",
		"stock_quantity": 4,
		"rewards_point": 549,
		"replenishment_subscribed_units": 0,
		"prescription_required": false,
		"age_verification": false,
		"image": {
			"src": "https://media.airliftexpress.com/medium/756737d6-7785-46d9-a85e-036b22ffe092_barbican%20strw.jpg",
			"name": "Barbican Non-Alcoholic Malt Beverage Strawberry Flavour 330 Ml",
			"alt": "Barbican Non-Alcoholic Malt Beverage Strawberry Flavour 330 Ml"
		}
	}, {
		"id": 351531,
		"name": "Barbican Non-Alcoholic Malt Beverage Pomegranate Flavour 330ml",
		"description": "Enhanced with sugar and caffeine, Barbican is the perfect drink for you! Delicious with a deep fruity flavor, Barbican is the \nultimate energy drink.\n<br/>\nWhether you want to power through a workout or boost your mental performance, Barbican is perfect for you. \nNow if you are feeling hungry, add Barbican to your cart now get your delivery under 30 minutes via Airlift Express.",
		"price": "199",
		"regular_price": "199",
		"sale_price": "199",
		"on_sale": false,
		"purchasable": true,
		"slug": "barbican-non-alcoholic-malt-beverage-pomegranate-flavour-330-ml-i5806",
		"variation": "330 ml",
		"stock_quantity": 3,
		"rewards_point": 597,
		"replenishment_subscribed_units": 0,
		"prescription_required": false,
		"age_verification": false,
		"image": {
			"src": "https://media.airliftexpress.com/medium/4eafa3a2-fed9-49f5-b79f-e4a7cd908ee1_ererrrr.png",
			"name": "Barbican Non-Alcoholic Malt Beverage Pomegranate Flavour 330ml",
			"alt": "Barbican Non-Alcoholic Malt Beverage Pomegranate Flavour 330ml"
		}
	}, {
		"id": 303047,
		"name": "Barbican Non-Alcoholic Malt Beverage Lemon Flavour 330ml",
		"description": "Enhanced with sugar and caffeine, Barbican is the perfect drink for you! Delicious with a deep citrus flavor, Barbican is the \nultimate energy drink.\n<br/>\nWhether you want to power through a workout or boost your mental performance, Barbican is perfect for you. \nNow if you are feeling hungry, add Barbican to your cart now get your delivery under 30 minutes via Airlift Express.",
		"price": "182",
		"regular_price": "182",
		"sale_price": "182",
		"on_sale": false,
		"purchasable": true,
		"slug": "barbican-non-alcoholic-malt-beverage-lemon-flavour-330-ml-i5026",
		"variation": "330 Ml",
		"stock_quantity": 0,
		"rewards_point": 546,
		"replenishment_subscribed_units": 0,
		"prescription_required": false,
		"age_verification": false,
		"image": {
			"src": "https://media.airliftexpress.com/medium/8084962d-cb21-4a03-8354-2d47a1226e55_barbican%20lemon.jpg",
			"name": "Barbican Non-Alcoholic Malt Beverage Lemon Flavour 330ml",
			"alt": "Barbican Non-Alcoholic Malt Beverage Lemon Flavour 330ml"
		}
	}]
}, {
	"id": 721969,
	"name": "Joiner Juice Strawberry",
	"categories": [{
		"id": 44,
		"name": "Juices",
		"type": "child_category",
		"slug": "juices",
		"sortValue": 533900
	}, {
		"id": 35,
		"name": "Juices & Instant Drinks",
		"type": "sub-category",
		"slug": "juices-instant-drinks",
		"sortValue": 533900
	}, {
		"id": 34,
		"name": "Beverages",
		"type": "parent-category",
		"slug": "beverages"
	}],
	"default": {
		"id": 712390,
		"name": "Joiner Juice Strawberry 320ml",
		"description": " ",
		"price": "150",
		"regular_price": "150",
		"sale_price": "150",
		"on_sale": false,
		"purchasable": true,
		"slug": "joiner-juice-strawberry-320-ml-i10058",
		"variation": "320 Ml",
		"stock_quantity": 4,
		"rewards_point": 450,
		"replenishment_subscribed_units": 0,
		"prescription_required": false,
		"age_verification": false,
		"image": {
			"src": "https://media.airliftexpress.com/medium/4d4307c8-3314-4f4f-9051-4f47c70bb564_join%20strw.png",
			"name": "Joiner Juice Strawberry 320ml",
			"alt": "Joiner Juice Strawberry 320ml"
		}
	},
	"slug": "joiner-juice-strawberry-i9474",
	"variations": [{
		"id": 712390,
		"name": "Joiner Juice Strawberry 320ml",
		"description": " ",
		"price": "150",
		"regular_price": "150",
		"sale_price": "150",
		"on_sale": false,
		"purchasable": true,
		"slug": "joiner-juice-strawberry-320-ml-i10058",
		"variation": "320 Ml",
		"stock_quantity": 4,
		"rewards_point": 450,
		"replenishment_subscribed_units": 0,
		"prescription_required": false,
		"age_verification": false,
		"image": {
			"src": "https://media.airliftexpress.com/medium/4d4307c8-3314-4f4f-9051-4f47c70bb564_join%20strw.png",
			"name": "Joiner Juice Strawberry 320ml",
			"alt": "Joiner Juice Strawberry 320ml"
		}
	}]
}, {
	"id": 721525,
	"name": "Joiner Juice Coconut",
	"categories": [{
		"id": 44,
		"name": "Juices",
		"type": "child_category",
		"slug": "juices",
		"sortValue": 533300
	}, {
		"id": 35,
		"name": "Juices & Instant Drinks",
		"type": "sub-category",
		"slug": "juices-instant-drinks",
		"sortValue": 533300
	}, {
		"id": 34,
		"name": "Beverages",
		"type": "parent-category",
		"slug": "beverages"
	}],
	"default": {
		"id": 712408,
		"name": "Joiner Juice Coconut 320ml",
		"description": " ",
		"price": "150",
		"regular_price": "150",
		"sale_price": "150",
		"on_sale": false,
		"purchasable": true,
		"slug": "joiner-juice-coconut-320-ml-i10059",
		"variation": "320 Ml",
		"stock_quantity": 4,
		"rewards_point": 450,
		"replenishment_subscribed_units": 0,
		"prescription_required": false,
		"age_verification": false,
		"image": {
			"src": "https://media.airliftexpress.com/medium/f5c0a732-8004-4784-94b7-c0cd344dc93d_join%20coco.png",
			"name": "Joiner Juice Coconut 320ml",
			"alt": "Joiner Juice Coconut 320ml"
		}
	},
	"slug": "joiner-juice-coconut-i9450",
	"variations": [{
		"id": 712408,
		"name": "Joiner Juice Coconut 320ml",
		"description": " ",
		"price": "150",
		"regular_price": "150",
		"sale_price": "150",
		"on_sale": false,
		"purchasable": true,
		"slug": "joiner-juice-coconut-320-ml-i10059",
		"variation": "320 Ml",
		"stock_quantity": 4,
		"rewards_point": 450,
		"replenishment_subscribed_units": 0,
		"prescription_required": false,
		"age_verification": false,
		"image": {
			"src": "https://media.airliftexpress.com/medium/f5c0a732-8004-4784-94b7-c0cd344dc93d_join%20coco.png",
			"name": "Joiner Juice Coconut 320ml",
			"alt": "Joiner Juice Coconut 320ml"
		}
	}]
}, {
	"id": 721526,
	"name": "Joiner Juice Grapes",
	"categories": [{
		"id": 44,
		"name": "Juices",
		"type": "child_category",
		"slug": "juices",
		"sortValue": 533400
	}, {
		"id": 35,
		"name": "Juices & Instant Drinks",
		"type": "sub-category",
		"slug": "juices-instant-drinks",
		"sortValue": 533400
	}, {
		"id": 34,
		"name": "Beverages",
		"type": "parent-category",
		"slug": "beverages"
	}],
	"default": {
		"id": 712335,
		"name": "Joiner Juice Grapes 320ml",
		"description": " ",
		"price": "150",
		"regular_price": "150",
		"sale_price": "150",
		"on_sale": false,
		"purchasable": true,
		"slug": "joiner-juice-grapes-320-ml-i10057",
		"variation": "320 Ml",
		"stock_quantity": 4,
		"rewards_point": 450,
		"replenishment_subscribed_units": 0,
		"prescription_required": false,
		"age_verification": false,
		"image": {
			"src": "https://media.airliftexpress.com/medium/b70a95de-785b-4cf2-a326-5ea7fac6eebf_join%20grap.png",
			"name": "Joiner Juice Grapes 320ml",
			"alt": "Joiner Juice Grapes 320ml"
		}
	},
	"slug": "joiner-juice-grapes-i9451",
	"variations": [{
		"id": 712335,
		"name": "Joiner Juice Grapes 320ml",
		"description": " ",
		"price": "150",
		"regular_price": "150",
		"sale_price": "150",
		"on_sale": false,
		"purchasable": true,
		"slug": "joiner-juice-grapes-320-ml-i10057",
		"variation": "320 Ml",
		"stock_quantity": 4,
		"rewards_point": 450,
		"replenishment_subscribed_units": 0,
		"prescription_required": false,
		"age_verification": false,
		"image": {
			"src": "https://media.airliftexpress.com/medium/b70a95de-785b-4cf2-a326-5ea7fac6eebf_join%20grap.png",
			"name": "Joiner Juice Grapes 320ml",
			"alt": "Joiner Juice Grapes 320ml"
		}
	}]
}, {
	"id": 721565,
	"name": "Joiner Juice Orange",
	"categories": [{
		"id": 44,
		"name": "Juices",
		"type": "child_category",
		"slug": "juices",
		"sortValue": 533700
	}, {
		"id": 35,
		"name": "Juices & Instant Drinks",
		"type": "sub-category",
		"slug": "juices-instant-drinks",
		"sortValue": 533700
	}, {
		"id": 34,
		"name": "Beverages",
		"type": "parent-category",
		"slug": "beverages"
	}],
	"default": {
		"id": 712311,
		"name": "Joiner Juice Orange 320ml",
		"description": " ",
		"price": "150",
		"regular_price": "150",
		"sale_price": "150",
		"on_sale": false,
		"purchasable": true,
		"slug": "joiner-juice-orange-320-ml-i10056",
		"variation": "320 Ml",
		"stock_quantity": 3,
		"rewards_point": 450,
		"replenishment_subscribed_units": 0,
		"prescription_required": false,
		"age_verification": false,
		"image": {
			"src": "https://media.airliftexpress.com/medium/b794d27b-711a-4094-9924-0cf1e9d2fe1c_joiner%20or.png",
			"name": "Joiner Juice Orange 320ml",
			"alt": "Joiner Juice Orange 320ml"
		}
	},
	"slug": "joiner-juice-orange-i9454",
	"variations": [{
		"id": 712311,
		"name": "Joiner Juice Orange 320ml",
		"description": " ",
		"price": "150",
		"regular_price": "150",
		"sale_price": "150",
		"on_sale": false,
		"purchasable": true,
		"slug": "joiner-juice-orange-320-ml-i10056",
		"variation": "320 Ml",
		"stock_quantity": 3,
		"rewards_point": 450,
		"replenishment_subscribed_units": 0,
		"prescription_required": false,
		"age_verification": false,
		"image": {
			"src": "https://media.airliftexpress.com/medium/b794d27b-711a-4094-9924-0cf1e9d2fe1c_joiner%20or.png",
			"name": "Joiner Juice Orange 320ml",
			"alt": "Joiner Juice Orange 320ml"
		}
	}]
}, {
	"id": 354200,
	"name": "Nescafe Original Coffee 3 in 1 30 Sachet",
	"categories": [{
		"id": 41,
		"name": "Coffee",
		"type": "child_category",
		"slug": "coffee",
		"sortValue": 763400
	}, {
		"id": 40,
		"name": "Tea & Coffee",
		"type": "sub-category",
		"slug": "tea-coffee",
		"sortValue": 763400
	}, {
		"id": 34,
		"name": "Beverages",
		"type": "parent-category",
		"slug": "beverages"
	}],
	"default": {
		"id": 351559,
		"name": "Nescafe Original Coffee 3 in 1 30 Sachet",
		"description": "Original Coffee by Nescafe is made from the finest coffee beans. This is perfect \nfor you if you need a daily caffeine-boost to function and cannot start your day without a \nshot of coffee.\n<br/>\nWhether you are looking to pull off long shifts at work or are a workout junkie, Nescafe Gold Original\nis ideal for all of your caffeine needs. Now if you are craving that intense but familiar taste, \nadd Nescafe Original Coffee to your cart now and get your coffee delivered via Airlift Express.",
		"price": "936",
		"regular_price": "936",
		"sale_price": "936",
		"on_sale": false,
		"purchasable": true,
		"slug": "nescafe-original-coffee-3-in-1-30-sachet-i5808",
		"variation": "30 Sachet",
		"stock_quantity": 2,
		"rewards_point": 2808,
		"replenishment_subscribed_units": 0,
		"prescription_required": false,
		"age_verification": false,
		"image": {
			"src": "https://media.airliftexpress.com/medium/3ebb91ee-8a76-4f71-a85a-65317f9da70e_nescafe%203in1.jpg",
			"name": "Nescafe Original Coffee 3 in 1 30 Sachet",
			"alt": "Nescafe Original Coffee 3 in 1 30 Sachet"
		}
	},
	"slug": "nescafe-original-coffee-3-in-1-30-sachet-i5840",
	"variations": [{
		"id": 351559,
		"name": "Nescafe Original Coffee 3 in 1 30 Sachet",
		"description": "Original Coffee by Nescafe is made from the finest coffee beans. This is perfect \nfor you if you need a daily caffeine-boost to function and cannot start your day without a \nshot of coffee.\n<br/>\nWhether you are looking to pull off long shifts at work or are a workout junkie, Nescafe Gold Original\nis ideal for all of your caffeine needs. Now if you are craving that intense but familiar taste, \nadd Nescafe Original Coffee to your cart now and get your coffee delivered via Airlift Express.",
		"price": "936",
		"regular_price": "936",
		"sale_price": "936",
		"on_sale": false,
		"purchasable": true,
		"slug": "nescafe-original-coffee-3-in-1-30-sachet-i5808",
		"variation": "30 Sachet",
		"stock_quantity": 2,
		"rewards_point": 2808,
		"replenishment_subscribed_units": 0,
		"prescription_required": false,
		"age_verification": false,
		"image": {
			"src": "https://media.airliftexpress.com/medium/3ebb91ee-8a76-4f71-a85a-65317f9da70e_nescafe%203in1.jpg",
			"name": "Nescafe Original Coffee 3 in 1 30 Sachet",
			"alt": "Nescafe Original Coffee 3 in 1 30 Sachet"
		}
	}]
}, {
	"id": 412235,
	"name": "Fruiticana Apple Fruit Drink 500ml",
	"categories": [{
		"id": 44,
		"name": "Juices",
		"type": "child_category",
		"slug": "juices",
		"sortValue": 398900
	}, {
		"id": 35,
		"name": "Juices & Instant Drinks",
		"type": "sub-category",
		"slug": "juices-instant-drinks",
		"sortValue": 398900
	}, {
		"id": 34,
		"name": "Beverages",
		"type": "parent-category",
		"slug": "beverages"
	}],
	"default": {
		"id": 399188,
		"name": "Fruiticana Apple Fruit Drink 500ml",
		"description": "Fruiticana Apple Fruit Drink one one of the best fruit juices infused with all the natural nutrients and powers that work to keep your body and heart healthy and fit. Obtained from the most healthiest of fruits, it contains high percentage of Vitamin C to make you feel light and fresh. Now if you feel like having a tasteful sip, add Fruiticana Apple Fruit Drink to your cart now and get it\ndelivered at your doorstep via Airlift Express. ",
		"price": "60",
		"regular_price": "60",
		"sale_price": "60",
		"on_sale": false,
		"purchasable": true,
		"slug": "fruiticana-apple-fruit-drink-500-ml-i6255",
		"variation": "500 ml",
		"stock_quantity": 0,
		"rewards_point": 180,
		"replenishment_subscribed_units": 0,
		"prescription_required": false,
		"age_verification": false,
		"image": {
			"src": "https://media.airliftexpress.com/medium/d02a3a67-9683-44f8-a0fb-17467e57abdd_apple%20500ml.png",
			"name": "Fruiticana Apple Fruit Drink 500ml",
			"alt": "Fruiticana Apple Fruit Drink 500ml"
		}
	},
	"slug": "fruiticana-apple-fruit-drink-500-ml-i6352",
	"variations": [{
		"id": 399188,
		"name": "Fruiticana Apple Fruit Drink 500ml",
		"description": "Fruiticana Apple Fruit Drink one one of the best fruit juices infused with all the natural nutrients and powers that work to keep your body and heart healthy and fit. Obtained from the most healthiest of fruits, it contains high percentage of Vitamin C to make you feel light and fresh. Now if you feel like having a tasteful sip, add Fruiticana Apple Fruit Drink to your cart now and get it\ndelivered at your doorstep via Airlift Express. ",
		"price": "60",
		"regular_price": "60",
		"sale_price": "60",
		"on_sale": false,
		"purchasable": true,
		"slug": "fruiticana-apple-fruit-drink-500-ml-i6255",
		"variation": "500 ml",
		"stock_quantity": 0,
		"rewards_point": 180,
		"replenishment_subscribed_units": 0,
		"prescription_required": false,
		"age_verification": false,
		"image": {
			"src": "https://media.airliftexpress.com/medium/d02a3a67-9683-44f8-a0fb-17467e57abdd_apple%20500ml.png",
			"name": "Fruiticana Apple Fruit Drink 500ml",
			"alt": "Fruiticana Apple Fruit Drink 500ml"
		}
	}]
}, {
	"id": 530323,
	"name": "Pakola Mango Flavoured Milk 250ml",
	"categories": [{
		"id": 44,
		"name": "Juices",
		"type": "child_category",
		"slug": "juices",
		"sortValue": 870600
	}, {
		"id": 35,
		"name": "Juices & Instant Drinks",
		"type": "sub-category",
		"slug": "juices-instant-drinks",
		"sortValue": 870600
	}, {
		"id": 34,
		"name": "Beverages",
		"type": "parent-category",
		"slug": "beverages"
	}],
	"default": {
		"id": 529217,
		"name": "Pakola Mango Flavoured Milk 250ml",
		"description": " ",
		"price": "48",
		"regular_price": "48",
		"sale_price": "48",
		"on_sale": false,
		"purchasable": true,
		"slug": "pakola-mango-flavoured-milk-250-ml-i8192",
		"variation": "250 Ml",
		"stock_quantity": 10,
		"rewards_point": 144,
		"replenishment_subscribed_units": 0,
		"prescription_required": false,
		"age_verification": false,
		"image": {
			"src": "https://media.airliftexpress.com/medium/45e90b05-1971-4f96-bfe9-97bb1c6e50b7_mango.png",
			"name": "Pakola Mango Flavoured Milk 250ml",
			"alt": "Pakola Mango Flavoured Milk 250ml"
		}
	},
	"slug": "pakola-mango-flavoured-milk-250-ml-i7975",
	"variations": [{
		"id": 529217,
		"name": "Pakola Mango Flavoured Milk 250ml",
		"description": " ",
		"price": "48",
		"regular_price": "48",
		"sale_price": "48",
		"on_sale": false,
		"purchasable": true,
		"slug": "pakola-mango-flavoured-milk-250-ml-i8192",
		"variation": "250 Ml",
		"stock_quantity": 10,
		"rewards_point": 144,
		"replenishment_subscribed_units": 0,
		"prescription_required": false,
		"age_verification": false,
		"image": {
			"src": "https://media.airliftexpress.com/medium/45e90b05-1971-4f96-bfe9-97bb1c6e50b7_mango.png",
			"name": "Pakola Mango Flavoured Milk 250ml",
			"alt": "Pakola Mango Flavoured Milk 250ml"
		}
	}]
}, {
	"id": 398484,
	"name": "Fruiticana Guava Fruit Drink",
	"categories": [{
		"id": 44,
		"name": "Juices",
		"type": "child_category",
		"slug": "juices",
		"sortValue": 399000
	}, {
		"id": 35,
		"name": "Juices & Instant Drinks",
		"type": "sub-category",
		"slug": "juices-instant-drinks",
		"sortValue": 399000
	}, {
		"id": 34,
		"name": "Beverages",
		"type": "parent-category",
		"slug": "beverages"
	}],
	"default": {
		"id": 396372,
		"name": "Fruiticana Guava Fruit Drink 1L",
		"description": "Fruiticana Guava Fruit Drink one one of the best fruit juices infused with all the natural nutrients and powers that work to keep your body and heart healthy and fit. Obtained from the most healthiest of fruits, it contains high percentage of Vitamin C to make you feel light and fresh. Now if you feel like having a tasteful sip, add Fruiticana Guava Fruit Drink to your cart now and get it\ndelivered at your doorstep via Airlift Express. ",
		"price": "135",
		"regular_price": "135",
		"sale_price": "135",
		"on_sale": false,
		"purchasable": true,
		"slug": "fruiticana-guava-fruit-drink-1-l-i6216",
		"variation": "1 L",
		"stock_quantity": 5,
		"rewards_point": 405,
		"replenishment_subscribed_units": 0,
		"prescription_required": false,
		"age_verification": false,
		"image": {
			"src": "https://media.airliftexpress.com/medium/c7f95634-5a0c-466e-955e-1cb08d6e5ca7_guava.png",
			"name": "Fruiticana Guava Fruit Drink 1L",
			"alt": "Fruiticana Guava Fruit Drink 1L"
		}
	},
	"slug": "fruiticana-guava-fruit-drink-i6235",
	"variations": [{
		"id": 396372,
		"name": "Fruiticana Guava Fruit Drink 1L",
		"description": "Fruiticana Guava Fruit Drink one one of the best fruit juices infused with all the natural nutrients and powers that work to keep your body and heart healthy and fit. Obtained from the most healthiest of fruits, it contains high percentage of Vitamin C to make you feel light and fresh. Now if you feel like having a tasteful sip, add Fruiticana Guava Fruit Drink to your cart now and get it\ndelivered at your doorstep via Airlift Express. ",
		"price": "135",
		"regular_price": "135",
		"sale_price": "135",
		"on_sale": false,
		"purchasable": true,
		"slug": "fruiticana-guava-fruit-drink-1-l-i6216",
		"variation": "1 L",
		"stock_quantity": 5,
		"rewards_point": 405,
		"replenishment_subscribed_units": 0,
		"prescription_required": false,
		"age_verification": false,
		"image": {
			"src": "https://media.airliftexpress.com/medium/c7f95634-5a0c-466e-955e-1cb08d6e5ca7_guava.png",
			"name": "Fruiticana Guava Fruit Drink 1L",
			"alt": "Fruiticana Guava Fruit Drink 1L"
		}
	}]
}]