[
    {
        "id": 306919,
        "name": "Sufi Burger Patties",
        "categories": [
            {
                "id": 142,
                "name": "Nuggets & Snacks",
                "type": "child_category",
                "slug": "nuggets-snacks",
                "sortValue": 1095200
            },
            {
                "id": 140,
                "name": "Ready to Cook",
                "type": "sub-category",
                "slug": "ready-to-cook",
                "sortValue": 1095200
            },
            {
                "id": 107,
                "name": "Frozen",
                "type": "parent-category",
                "slug": "frozen"
            }
        ],
        "default": {
            "id": 4193,
            "name": "Sufi Burger Patties 380gm",
            "description": "Sufi Burger Patties are made with tender, all-natural, minimally-processed chicken with no preservatives, then \nbreaded and seasoned to perfection. A delicious addition to any meal, Sufi Burger Patties can be used to\nmake juicy, flavorful burgers or enjoyed alone with your favorite dipping sauces! Add Sufi Burger Patties to \nyour cart now and receive your delivery under 30 minutes via Airlift Express.",
            "price": "330",
            "regular_price": "330",
            "sale_price": "330",
            "on_sale": false,
            "purchasable": true,
            "slug": "sufi-burger-patties-380-gm-i1613",
            "variation": "380 gm",
            "stock_quantity": 3,
            "rewards_point": 330,
            "replenishment_subscribed_units": 0,
            "prescription_required": false,
            "age_verification": false,
            "image": {
                "src": "https://media.airliftexpress.com/medium/10ceba57-2bbf-4af6-ac13-54c002efdf3d_8964000040591.jpg",
                "name": "Sufi Burger Patties 380gm",
                "alt": "Sufi Burger Patties 380gm"
            }
        },
        "slug": "sufi-burger-patties-i5090",
        "variations": [
            {
                "id": 4193,
                "name": "Sufi Burger Patties 380gm",
                "description": "Sufi Burger Patties are made with tender, all-natural, minimally-processed chicken with no preservatives, then \nbreaded and seasoned to perfection. A delicious addition to any meal, Sufi Burger Patties can be used to\nmake juicy, flavorful burgers or enjoyed alone with your favorite dipping sauces! Add Sufi Burger Patties to \nyour cart now and receive your delivery under 30 minutes via Airlift Express.",
                "price": "330",
                "regular_price": "330",
                "sale_price": "330",
                "on_sale": false,
                "purchasable": true,
                "slug": "sufi-burger-patties-380-gm-i1613",
                "variation": "380 gm",
                "stock_quantity": 3,
                "rewards_point": 330,
                "replenishment_subscribed_units": 0,
                "prescription_required": false,
                "age_verification": false,
                "image": {
                    "src": "https://media.airliftexpress.com/medium/10ceba57-2bbf-4af6-ac13-54c002efdf3d_8964000040591.jpg",
                    "name": "Sufi Burger Patties 380gm",
                    "alt": "Sufi Burger Patties 380gm"
                }
            },
            {
                "id": 4194,
                "name": "Sufi Burger Patties 1000gm",
                "description": "Sufi Burger Patties are made with tender, all-natural, minimally-processed chicken with no preservatives, then \nbreaded and seasoned to perfection. A delicious addition to any meal, Sufi Burger Patties can be used to\nmake juicy, flavorful burgers or enjoyed alone with your favorite dipping sauces! Add Sufi Burger Patties to \nyour cart now and receive your delivery under 30 minutes via Airlift Express.",
                "price": "843",
                "regular_price": "843",
                "sale_price": "843",
                "on_sale": false,
                "purchasable": true,
                "slug": "sufi-burger-patties-1000-gm-i1612",
                "variation": "1000 gm",
                "stock_quantity": 1,
                "rewards_point": 843,
                "replenishment_subscribed_units": 0,
                "prescription_required": false,
                "age_verification": false,
                "image": {
                    "src": "https://media.airliftexpress.com/medium/47edb586-3403-4471-93dd-05e2e84dc0e5_woo.jpg",
                    "name": "Sufi Burger Patties 1000gm",
                    "alt": "Sufi Burger Patties 1000gm"
                }
            }
        ]
    }
]